{
	"function": {
		"uberclone140983fe140983fePostConfirmation": {
			"build": true,
			"providerPlugin": "awscloudformation",
			"service": "Lambda"
		}
	},
	"auth": {
		"uberclone140983fe140983fe": {
			"service": "Cognito",
			"providerPlugin": "awscloudformation",
			"dependsOn": [
				{
					"category": "function",
					"resourceName": "uberclone140983fe140983fePostConfirmation",
					"triggerProvider": "Cognito",
					"attributes": [
						"Arn",
						"Name"
					]
				}
			]
		}
	},
	"api": {
		"uberclone": {
			"service": "AppSync",
			"providerPlugin": "awscloudformation",
			"output": {
				"authConfig": {
					"defaultAuthentication": {
						"authenticationType": "AMAZON_COGNITO_USER_POOLS",
						"userPoolConfig": {
							"userPoolId": "authuberclone140983fe140983fe"
						}
					},
					"additionalAuthenticationProviders": []
				}
			}
		}
	}
}