{
    "identityPoolName": "uberclone140983fe_identitypool_140983fe",
    "allowUnauthenticatedIdentities": false,
    "resourceNameTruncated": "ubercl140983fe",
    "userPoolName": "uberclone140983fe_userpool_140983fe",
    "autoVerifiedAttributes": [
        "email"
    ],
    "mfaConfiguration": "OFF",
    "mfaTypes": [
        "SMS Text Message"
    ],
    "smsAuthenticationMessage": "Your authentication code is {####}",
    "smsVerificationMessage": "Your verification code is {####}",
    "emailVerificationSubject": "Your verification code",
    "emailVerificationMessage": "Your verification code is {####}",
    "defaultPasswordPolicy": false,
    "passwordPolicyMinLength": 8,
    "passwordPolicyCharacters": [],
    "requiredAttributes": [
        "email"
    ],
    "userpoolClientGenerateSecret": true,
    "userpoolClientRefreshTokenValidity": 30,
    "userpoolClientWriteAttributes": [
        "email"
    ],
    "userpoolClientReadAttributes": [
        "email"
    ],
    "userpoolClientLambdaRole": "ubercl140983fe_userpoolclient_lambda_role",
    "userpoolClientSetAttributes": false,
    "useDefault": "manual",
    "authSelections": "identityPoolAndUserPool",
    "resourceName": "uberclone140983fe140983fe",
    "thirdPartyAuth": false,
    "userPoolGroups": false,
    "adminQueries": false,
    "triggers": "{\"PostConfirmation\":[\"custom\"]}",
    "hostedUI": false,
    "userPoolGroupList": [],
    "authRoleArn": {
        "Fn::GetAtt": [
            "AuthRole",
            "Arn"
        ]
    },
    "unauthRoleArn": {
        "Fn::GetAtt": [
            "UnauthRole",
            "Arn"
        ]
    },
    "parentStack": {
        "Ref": "AWS::StackId"
    },
    "permissions": [],
    "dependsOn": [
        {
            "category": "function",
            "resourceName": "uberclone140983fe140983fePostConfirmation",
            "triggerProvider": "Cognito",
            "attributes": [
                "Arn",
                "Name"
            ]
        }
    ]
}